[
{
  "model": "api.customer",
  "pk": 1,
  "fields": {
    "deleted": null,
    "first_name": "Sally",
    "last_name": "Field",
    "username": "sally",
    "email": "sally@email.com",
    "address": "123 Main St. Nashville, TN 37214",
    "phone_number": 5555555555
  }
},
{
  "model": "api.customer",
  "pk": 2,
  "fields": {
    "deleted": null,
    "first_name": "Fred",
    "last_name": "Jones",
    "username": "fred",
    "email": "fred@email.com",
    "address": "454 Church St. Nashville, TN 37214",
    "phone_number": 4546768989
  }
},
{
  "model": "api.customer",
  "pk": 3,
  "fields": {
    "deleted": null,
    "first_name": "george",
    "last_name": "jones",
    "username": "george",
    "email": "george@email.com",
    "address": "676 Broadway Nashville, TN 37214",
    "phone_number": 8884546767
  }
},
{
  "model": "api.customer",
  "pk": 4,
  "fields": {
    "deleted": null,
    "first_name": "Gayle",
    "last_name": "Ross",
    "username": "gayle",
    "email": "gayle@email.com",
    "address": "909 Marriott Dr. Nashville, TN 37214",
    "phone_number": 5556768181
  }
},
{
  "model": "api.customer",
  "pk": 5,
  "fields": {
    "deleted": null,
    "first_name": "John",
    "last_name": "Rogers",
    "username": "john",
    "email": "john@email.com",
    "address": "323 S. Hall St. Frankfort, KY 42301",
    "phone_number": 5453672323
  }
},
{
  "model": "api.producttype",
  "pk": 1,
  "fields": {
    "name": "Animals"
  }
},
{
  "model": "api.producttype",
  "pk": 2,
  "fields": {
    "name": "Misc"
  }
},
{
  "model": "api.producttype",
  "pk": 3,
  "fields": {
    "name": "Jewelry"
  }
},
{
  "model": "api.producttype",
  "pk": 4,
  "fields": {
    "name": "Electronics"
  }
},
{
  "model": "api.producttype",
  "pk": 5,
  "fields": {
    "name": "Furniture"
  }
},
{
  "model": "api.producttype",
  "pk": 6,
  "fields": {
    "name": "Automobiles"
  }
},
{
  "model": "api.producttype",
  "pk": 7,
  "fields": {
    "name": "Sports Equipment"
  }
},
{
  "model": "api.producttype",
  "pk": 8,
  "fields": {
    "name": "Home Goods"
  }
},
{
  "model": "api.producttype",
  "pk": 9,
  "fields": {
    "name": "Baby"
  }
},
{
  "model": "api.producttype",
  "pk": 10,
  "fields": {
    "name": "Toys"
  }
},
{
  "model": "api.product",
  "pk": 1,
  "fields": {
    "customer": 1,
    "name": "Tabby Cat",
    "description": "cute little cat",
    "price": "500.00",
    "quantity": 5,
    "product_type": 1
  }
},
{
  "model": "api.product",
  "pk": 2,
  "fields": {
    "customer": 2,
    "name": "Golf Clubs",
    "description": "gently used",
    "price": "100.00",
    "quantity": 1,
    "product_type": 7
  }
},
{
  "model": "api.product",
  "pk": 3,
  "fields": {
    "customer": 5,
    "name": "Baby Crib",
    "description": "Gently used.  Pink, Blue, and yellow.",
    "price": "75.00",
    "quantity": 1,
    "product_type": 9
  }
},
{
  "model": "api.product",
  "pk": 4,
  "fields": {
    "customer": 4,
    "name": "Golden Earring",
    "description": "For those times when you need some radar love.",
    "price": "20.00",
    "quantity": 25,
    "product_type": 3
  }
},
{
  "model": "api.product",
  "pk": 5,
  "fields": {
    "customer": 3,
    "name": "Thomas the Train",
    "description": "Choo choo.",
    "price": "5.00",
    "quantity": 100,
    "product_type": 10
  }
},
{
  "model": "api.product",
  "pk": 6,
  "fields": {
    "customer": 1,
    "name": "Dodge Viper",
    "description": "Racing red.  Not ready for the dump yet.",
    "price": "10000.00",
    "quantity": 2,
    "product_type": 6
  }
},
{
  "model": "api.product",
  "pk": 7,
  "fields": {
    "customer": 2,
    "name": "Calculator Watch",
    "description": "So retro.",
    "price": "15.00",
    "quantity": 60,
    "product_type": 4
  }
},
{
  "model": "api.product",
  "pk": 8,
  "fields": {
    "customer": 5,
    "name": "Mid Century Modern Couch",
    "description": "Purple.  Not very comfortable.",
    "price": "100.00",
    "quantity": 10,
    "product_type": 5
  }
},
{
  "model": "api.product",
  "pk": 9,
  "fields": {
    "customer": 4,
    "name": "Apple Cinnamon Candle",
    "description": "Refresh your living space.",
    "price": "20.00",
    "quantity": 80,
    "product_type": 8
  }
},
{
  "model": "api.product",
  "pk": 10,
  "fields": {
    "customer": 1,
    "name": "Martini Glass Set",
    "description": "Set of 4.",
    "price": "35.00",
    "quantity": 5,
    "product_type": 8
  }
},
{
  "model": "api.paymenttype",
  "pk": 1,
  "fields": {
    "payment_name": "Target Card",
    "account_number": 4545454545454545,
    "customer": 1
  }
},
{
  "model": "api.paymenttype",
  "pk": 2,
  "fields": {
    "payment_name": "Home Depot Card",
    "account_number": 6767676767676767,
    "customer": 2
  }
},
{
  "model": "api.paymenttype",
  "pk": 3,
  "fields": {
    "payment_name": "Lowes Visa",
    "account_number": 6767676767676767,
    "customer": 5
  }
},
{
  "model": "api.paymenttype",
  "pk": 4,
  "fields": {
    "payment_name": "Southwest Mastercard",
    "account_number": 8787878787878787,
    "customer": 4
  }
},
{
  "model": "api.paymenttype",
  "pk": 5,
  "fields": {
    "payment_name": "Delta Skymiles AMEX",
    "account_number": 3232323232323232,
    "customer": 3
  }
},
{
  "model": "api.order",
  "pk": 1,
  "fields": {
    "customer": 1,
    "payment_type": 1
  }
},
{
  "model": "api.order",
  "pk": 2,
  "fields": {
    "customer": 2,
    "payment_type": 2
  }
},
{
  "model": "api.department",
  "pk": 1,
  "fields": {
    "deleted": null,
    "department_name": "Sales",
    "budget": 1000000
  }
},
{
  "model": "api.department",
  "pk": 2,
  "fields": {
    "deleted": null,
    "department_name": "Marketing",
    "budget": 500000
  }
},
{
  "model": "api.department",
  "pk": 3,
  "fields": {
    "deleted": null,
    "department_name": "HR",
    "budget": 100
  }
},
{
  "model": "api.department",
  "pk": 4,
  "fields": {
    "deleted": null,
    "department_name": "Finance",
    "budget": 1000
  }
},
{
  "model": "api.department",
  "pk": 5,
  "fields": {
    "deleted": null,
    "department_name": "Logistics",
    "budget": 80000
  }
},
{
  "model": "api.department",
  "pk": 6,
  "fields": {
    "deleted": null,
    "department_name": "Research and Development",
    "budget": 100000
  }
},
{
  "model": "api.department",
  "pk": 7,
  "fields": {
    "deleted": null,
    "department_name": "Communications",
    "budget": 500000
  }
},
{
  "model": "api.department",
  "pk": 8,
  "fields": {
    "deleted": null,
    "department_name": "Operations",
    "budget": 200000
  }
},
{
  "model": "api.employee",
  "pk": 1,
  "fields": {
    "deleted": null,
    "first_name": "Max",
    "last_name": "Smith",
    "start_date": "2019-02-01",
    "end_date": null,
    "department": 2,
    "is_supervisor": false
  }
},
{
  "model": "api.employee",
  "pk": 2,
  "fields": {
    "deleted": null,
    "first_name": "Frida",
    "last_name": "McQuire",
    "start_date": "2019-01-01",
    "end_date": null,
    "department": 3,
    "is_supervisor": true
  }
},
{
  "model": "api.employee",
  "pk": 3,
  "fields": {
    "deleted": null,
    "first_name": "Rachel",
    "last_name": "Wilson",
    "start_date": "2018-12-03",
    "end_date": null,
    "department": 1,
    "is_supervisor": false
  }
},
{
  "model": "api.employee",
  "pk": 4,
  "fields": {
    "deleted": null,
    "first_name": "Rick",
    "last_name": "Sanchez",
    "start_date": "2019-01-04",
    "end_date": "2019-02-01",
    "department": 7,
    "is_supervisor": false
  }
},
{
  "model": "api.employee",
  "pk": 5,
  "fields": {
    "deleted": null,
    "first_name": "Morty",
    "last_name": "Johnson",
    "start_date": "2016-11-01",
    "end_date": "2019-02-04",
    "department": 5,
    "is_supervisor": true
  }
},
{
  "model": "api.employee",
  "pk": 6,
  "fields": {
    "deleted": null,
    "first_name": "Reba",
    "last_name": "Clinton",
    "start_date": "2015-09-01",
    "end_date": null,
    "department": 6,
    "is_supervisor": true
  }
},
{
  "model": "api.employee",
  "pk": 7,
  "fields": {
    "deleted": null,
    "first_name": "Molly",
    "last_name": "Jordan",
    "start_date": "2017-12-06",
    "end_date": null,
    "department": 5,
    "is_supervisor": false
  }
},
{
  "model": "api.employee",
  "pk": 8,
  "fields": {
    "deleted": null,
    "first_name": "Dave",
    "last_name": "Green",
    "start_date": "2018-01-15",
    "end_date": null,
    "department": 8,
    "is_supervisor": false
  }
},
{
  "model": "api.employee",
  "pk": 9,
  "fields": {
    "deleted": null,
    "first_name": "Billy",
    "last_name": "Taylor",
    "start_date": "2019-01-14",
    "end_date": null,
    "department": 4,
    "is_supervisor": true
  }
},
{
  "model": "api.computer",
  "pk": 1,
  "fields": {
    "deleted": null,
    "purchase_date": "2019-02-01",
    "decommission_date": null,
    "manufacturer": "Apple",
    "model": "Macbook Pro",
    "is_available": true
  }
},
{
  "model": "api.computer",
  "pk": 2,
  "fields": {
    "deleted": null,
    "purchase_date": "2019-01-01",
    "decommission_date": null,
    "manufacturer": "Lenovo",
    "model": "Thinkpad X1",
    "is_available": true
  }
},
{
  "model": "api.computer",
  "pk": 3,
  "fields": {
    "deleted": null,
    "purchase_date": "2018-08-01",
    "decommission_date": "2019-02-01",
    "manufacturer": "HP",
    "model": "Aspire 200",
    "is_available": false
  }
},
{
  "model": "api.computer",
  "pk": 4,
  "fields": {
    "deleted": null,
    "purchase_date": "2018-09-06",
    "decommission_date": null,
    "manufacturer": "Dell",
    "model": "Inspiron",
    "is_available": true
  }
},
{
  "model": "api.computer",
  "pk": 5,
  "fields": {
    "deleted": null,
    "purchase_date": "2018-02-01",
    "decommission_date": null,
    "manufacturer": "Lenovo",
    "model": "Yoga 710",
    "is_available": false
  }
},
{
  "model": "api.computer",
  "pk": 6,
  "fields": {
    "deleted": null,
    "purchase_date": "2017-11-20",
    "decommission_date": null,
    "manufacturer": "Apple",
    "model": "13in MacBook Air",
    "is_available": false
  }
},
{
  "model": "api.computer",
  "pk": 7,
  "fields": {
    "deleted": null,
    "purchase_date": "2018-01-02",
    "decommission_date": "2019-02-01",
    "manufacturer": "Asus",
    "model": "Pro 2000",
    "is_available": false
  }
},
{
  "model": "api.computer",
  "pk": 8,
  "fields": {
    "deleted": null,
    "purchase_date": "2018-09-05",
    "decommission_date": null,
    "manufacturer": "Alienware",
    "model": "m17",
    "is_available": true
  }
},
{
  "model": "api.computer",
  "pk": 9,
  "fields": {
    "deleted": null,
    "purchase_date": "2016-10-07",
    "decommission_date": "2018-02-07",
    "manufacturer": "Alienware",
    "model": "Area51m",
    "is_available": false
  }
},
{
  "model": "api.computer",
  "pk": 10,
  "fields": {
    "deleted": null,
    "purchase_date": "2019-01-01",
    "decommission_date": "2019-02-07",
    "manufacturer": "Dell",
    "model": "300 series",
    "is_available": false
  }
},
{
  "model": "api.join_computer_employee",
  "pk": 1,
  "fields": {
    "employee": 1,
    "computer": 1,
    "assign_date": "2019-01-01",
    "unassign_date": null
  }
},
{
  "model": "api.training_program",
  "pk": 1,
  "fields": {
    "deleted": null,
    "program_name": "Sales Training",
    "program_desc": "Let's sell some stuff",
    "start_date": "2019-03-22T13:40:00Z",
    "end_date": "2019-03-29T13:40:00Z",
    "max_attendees": 20
  }
},
{
  "model": "api.training_program",
  "pk": 2,
  "fields": {
    "deleted": null,
    "program_name": "Marketing Training",
    "program_desc": "Let's brand some stuff",
    "start_date": "2019-02-01T13:10:00Z",
    "end_date": "2019-02-08T13:10:00Z",
    "max_attendees": 30
  }
},
{
  "model": "api.training_program",
  "pk": 3,
  "fields": {
    "deleted": null,
    "program_name": "Annual Ethics Training",
    "program_desc": "Make sure to check the box.",
    "start_date": "2019-04-11T14:00:00Z",
    "end_date": "2019-04-12T12:00:00Z",
    "max_attendees": 50
  }
},
{
  "model": "api.training_program",
  "pk": 4,
  "fields": {
    "deleted": null,
    "program_name": "OSHA Training",
    "program_desc": "Be safe.  No lost days.",
    "start_date": "2019-01-14T06:00:00Z",
    "end_date": "2019-01-15T12:00:00Z",
    "max_attendees": 10
  }
},
{
  "model": "api.training_program",
  "pk": 5,
  "fields": {
    "deleted": null,
    "program_name": "New Employee Orientation",
    "program_desc": "Let us help you get up to speed.",
    "start_date": "2019-02-22T17:20:42Z",
    "end_date": "2019-03-01T18:00:00Z",
    "max_attendees": 30
  }
},
{
  "model": "api.training_program",
  "pk": 6,
  "fields": {
    "deleted": null,
    "program_name": "Financial Systems",
    "program_desc": "Take some time to learn our systems.",
    "start_date": "2019-10-07T06:00:00Z",
    "end_date": "2019-10-11T18:00:00Z",
    "max_attendees": 15
  }
},
{
  "model": "api.training_program",
  "pk": 7,
  "fields": {
    "deleted": null,
    "program_name": "C# Refresher",
    "program_desc": "Let's see what you forgot.",
    "start_date": "2019-12-02T06:00:00Z",
    "end_date": "2019-12-06T12:00:00Z",
    "max_attendees": 5
  }
},
{
  "model": "api.training_program",
  "pk": 8,
  "fields": {
    "deleted": null,
    "program_name": "Quarterly Benefits Training",
    "program_desc": "Are you making the most of your benefits?",
    "start_date": "2019-09-16T12:00:00Z",
    "end_date": "2019-09-19T12:00:00Z",
    "max_attendees": 40
  }
},
{
  "model": "api.training_program",
  "pk": 9,
  "fields": {
    "deleted": null,
    "program_name": "Giving Feedback",
    "program_desc": "A good skill to have.",
    "start_date": "2019-02-27T13:01:00Z",
    "end_date": "2019-02-28T13:01:00Z",
    "max_attendees": 10
  }
},
{
  "model": "api.training_program",
  "pk": 10,
  "fields": {
    "deleted": null,
    "program_name": "Today's Training",
    "program_desc": "today",
    "start_date": "2019-02-22T11:50:00Z",
    "end_date": "2019-02-22T11:51:00Z",
    "max_attendees": 1
  }
},
{
  "model": "api.join_training_employee",
  "pk": 1,
  "fields": {
    "employee": 1,
    "training_program": 1
  }
},
{
  "model": "api.join_training_employee",
  "pk": 2,
  "fields": {
    "employee": 2,
    "training_program": 3
  }
},
{
  "model": "api.join_training_employee",
  "pk": 3,
  "fields": {
    "employee": 3,
    "training_program": 2
  }
}
]
